{
  "title":"Lecture 25: Advanced Topics (cont.) - Discussion of Follow-on Classes",
  "description": "",
  "file": null,
  "learning_resource_types": ["Lecture Videos"],
  "resource_type": "Video",
  "file_type": null,
  "youtube_key":  "zjUDy6a5vx4",
  "captions_file": "/courses/6-046j-introduction-to-algorithms-sma-5503-fall-2005/61118bcae6b95a7d9d918b52d462290c_zjUDy6a5vx4.vtt",
  "transcript_file": "/courses/6-046j-introduction-to-algorithms-sma-5503-fall-2005/5b2aff85fc3c242e1ffc1668a2c8762b_zjUDy6a5vx4.pdf",
  "thumbnail_file": "https://img.youtube.com/vi/zjUDy6a5vx4/default.jpg",
  "archive_url": "http://www.archive.org/download/MIT6.046JF05MPEG4/ocw-6.046-14dec2005-220k.mp4"}
