{
  "title":"Lecture 16: Greedy Algorithms, Minimum Spanning Trees",
  "description": "",
  "file": null,
  "learning_resource_types": ["Lecture Videos"],
  "resource_type": "Video",
  "file_type": null,
  "youtube_key":  "FPEMBWg_WlY",
  "captions_file": "/courses/6-046j-introduction-to-algorithms-sma-5503-fall-2005/81dd46efcedf5d6e917a9f99e8da2a45_FPEMBWg_WlY.vtt",
  "transcript_file": "/courses/6-046j-introduction-to-algorithms-sma-5503-fall-2005/1d8cc61551128f9281fb52ea5c4bff91_FPEMBWg_WlY.pdf",
  "thumbnail_file": "https://img.youtube.com/vi/FPEMBWg_WlY/default.jpg",
  "archive_url": "http://www.archive.org/download/MIT6.046JF05MPEG4/ocw-6.046-09nov2005-220k.mp4"}
