{
  "title":"Lecture 13: Amortized Algorithms, Table Doubling, Potential Method",
  "description": "",
  "file": null,
  "learning_resource_types": ["Lecture Videos"],
  "resource_type": "Video",
  "file_type": null,
  "youtube_key":  "qh5lSHCBiRs",
  "captions_file": "/courses/6-046j-introduction-to-algorithms-sma-5503-fall-2005/611f75311c4d5e92bc380e08580d5b94_qh5lSHCBiRs.vtt",
  "transcript_file": "/courses/6-046j-introduction-to-algorithms-sma-5503-fall-2005/5ef4eab3b8cdbc72f0a8e4209b41c78d_qh5lSHCBiRs.pdf",
  "thumbnail_file": "https://img.youtube.com/vi/qh5lSHCBiRs/default.jpg",
  "archive_url": "http://www.archive.org/download/MIT6.046JF05MPEG4/ocw-6.046-31oct2005-220k.mp4"}
