{
  "title":"Lecture 5: Linear-time Sorting: Lower Bounds, Counting Sort, Radix Sort",
  "description": "",
  "file": null,
  "learning_resource_types": ["Lecture Videos"],
  "resource_type": "Video",
  "file_type": null,
  "youtube_key":  "0VqawRl3Xzs",
  "captions_file": "/courses/6-046j-introduction-to-algorithms-sma-5503-fall-2005/542d86292d85530faf66abe3cb703f15_0VqawRl3Xzs.vtt",
  "transcript_file": "/courses/6-046j-introduction-to-algorithms-sma-5503-fall-2005/bdfdbc2391daad0b8c32606d6d3644a4_0VqawRl3Xzs.pdf",
  "thumbnail_file": "https://img.youtube.com/vi/0VqawRl3Xzs/default.jpg",
  "archive_url": "http://www.archive.org/download/MIT6.046JF05MPEG4/ocw-6.046-26sep2005-220k.mp4"}
