{
  "title":"Lecture 6: Order Statistics, Median",
  "description": "",
  "file": null,
  "learning_resource_types": ["Lecture Videos"],
  "resource_type": "Video",
  "file_type": null,
  "youtube_key":  "mR_RUjsJnV8",
  "captions_file": "/courses/6-046j-introduction-to-algorithms-sma-5503-fall-2005/f2c5cc981e7a5c86920e25299148a1f3_mR_RUjsJnV8.vtt",
  "transcript_file": "/courses/6-046j-introduction-to-algorithms-sma-5503-fall-2005/c0fb16b38fa759cef295c7b3da11cb4f_mR_RUjsJnV8.pdf",
  "thumbnail_file": "https://img.youtube.com/vi/mR_RUjsJnV8/default.jpg",
  "archive_url": "http://www.archive.org/download/MIT6.046JF05MPEG4/ocw-6.046-28sep2005-220k.mp4"}
