{
  "title":"6-046jf05-th.jpg",
  "description": "New image Upload",
  "file": "/courses/6-046j-introduction-to-algorithms-sma-5503-fall-2005/56d328f0156c60958d5ccfe7aaa87803_6-046jf05-th.jpg",
  "learning_resource_types": [],
  "resource_type": "Image",
  "file_type": "image/jpeg",
  "image_metadata": {"caption":"Cover of 6.046J textbook, _Introduction to Algorithms_, Second Edition, by Cormen, Leiserson, Rivest, and Stein. (Image courtesy of MIT Press.)","credit":"","image-alt":"Cover of the textbook used in this course."}}
