{
  "title":"Lecture 10: Red-black Trees, Rotations, Insertions, Deletions",
  "description": "",
  "file": null,
  "learning_resource_types": ["Lecture Videos"],
  "resource_type": "Video",
  "file_type": null,
  "youtube_key":  "O3hI9FdxFOM",
  "captions_file": "/courses/6-046j-introduction-to-algorithms-sma-5503-fall-2005/9525c82526725d54a146e3da929617fa_O3hI9FdxFOM.vtt",
  "transcript_file": "/courses/6-046j-introduction-to-algorithms-sma-5503-fall-2005/2beffab42b00fde947a65139fe436c09_O3hI9FdxFOM.pdf",
  "thumbnail_file": "https://img.youtube.com/vi/O3hI9FdxFOM/default.jpg",
  "archive_url": "http://www.archive.org/download/MIT6.046JF05MPEG4/ocw-6.046-19oct2005-220k.mp4"}
