<?xml version="1.0" encoding="utf-8" standalone="yes"?>
<rss version="2.0" xmlns:atom="http://www.w3.org/2005/Atom">
  <channel>
    <title>Exams on MIT OpenCourseWare</title>
    <link>/resources/exams/</link>
    <description>Recent content in Exams on MIT OpenCourseWare</description>
    <generator>Hugo -- gohugo.io</generator>
    <language>en-us</language><atom:link href="/resources/exams/index.xml" rel="self" type="application/rss+xml" />
    <item>
      <title>Exams</title>
      <link>/pages/exams/data.json</link>
      <pubDate>Mon, 01 Jan 0001 00:00:00 +0000</pubDate>
      
      <guid>/pages/exams/data.json</guid>
      <description>This section provides actual and practice quizzes for the course.
EXAMS SOLUTIONS Practice Quiz 1 (PDF) (PDF) Practice Quiz 2 (PDF) Practice Final Exam (PDF) (PDF) Quiz 1 (PDF) (PDF) Quiz 2 (PDF) (PDF) Final Exam (PDF) (PDF) </description>
    </item>
    
    <item>
      <title>final_sol.pdf</title>
      <link>/resources/final_sol/data.json</link>
      <pubDate>Mon, 01 Jan 0001 00:00:00 +0000</pubDate>
      
      <guid>/resources/final_sol/data.json</guid>
      <description>This resource contains the solution to the final exam questions.</description>
    </item>
    
    <item>
      <title>final.pdf</title>
      <link>/resources/final/data.json</link>
      <pubDate>Mon, 01 Jan 0001 00:00:00 +0000</pubDate>
      
      <guid>/resources/final/data.json</guid>
      <description>This resource contains information on the grade sheet and problem sets for the final exam.</description>
    </item>
    
    <item>
      <title>prac_final_sol.pdf</title>
      <link>/resources/prac_final_sol/data.json</link>
      <pubDate>Mon, 01 Jan 0001 00:00:00 +0000</pubDate>
      
      <guid>/resources/prac_final_sol/data.json</guid>
      <description>This resource contains the solution to practice final exam questions.</description>
    </item>
    
    <item>
      <title>prac_quiz1sol.pdf</title>
      <link>/resources/prac_quiz1sol/data.json</link>
      <pubDate>Mon, 01 Jan 0001 00:00:00 +0000</pubDate>
      
      <guid>/resources/prac_quiz1sol/data.json</guid>
      <description>This resource contains the solution to questions of practice quiz 1.</description>
    </item>
    
    <item>
      <title>practice_quiz1.pdf</title>
      <link>/resources/practice_quiz1/data.json</link>
      <pubDate>Mon, 01 Jan 0001 00:00:00 +0000</pubDate>
      
      <guid>/resources/practice_quiz1/data.json</guid>
      <description>This resource contains the questions for practice quiz 1.</description>
    </item>
    
    <item>
      <title>practicefinal.pdf</title>
      <link>/resources/practicefinal/data.json</link>
      <pubDate>Mon, 01 Jan 0001 00:00:00 +0000</pubDate>
      
      <guid>/resources/practicefinal/data.json</guid>
      <description>This resource provides information about the practice final exam.</description>
    </item>
    
    <item>
      <title>quiz1_sol.pdf</title>
      <link>/resources/quiz1_sol/data.json</link>
      <pubDate>Mon, 01 Jan 0001 00:00:00 +0000</pubDate>
      
      <guid>/resources/quiz1_sol/data.json</guid>
      <description>This resource contains the solution to the quiz 1 questions.</description>
    </item>
    
    <item>
      <title>quiz1.pdf</title>
      <link>/resources/quiz1/data.json</link>
      <pubDate>Mon, 01 Jan 0001 00:00:00 +0000</pubDate>
      
      <guid>/resources/quiz1/data.json</guid>
      <description>This resource contains information about the instructions and problem sets for quiz 1.</description>
    </item>
    
    <item>
      <title>quiz2_practice.pdf</title>
      <link>/resources/quiz2_practice/data.json</link>
      <pubDate>Mon, 01 Jan 0001 00:00:00 +0000</pubDate>
      
      <guid>/resources/quiz2_practice/data.json</guid>
      <description>This resource contains information about the questions for quiz 2.</description>
    </item>
    
    <item>
      <title>quiz2_sol.pdf</title>
      <link>/resources/quiz2_sol/data.json</link>
      <pubDate>Mon, 01 Jan 0001 00:00:00 +0000</pubDate>
      
      <guid>/resources/quiz2_sol/data.json</guid>
      <description>This resource contains the solution to the quiz 2 questions.</description>
    </item>
    
    <item>
      <title>quiz2.pdf</title>
      <link>/resources/quiz2/data.json</link>
      <pubDate>Mon, 01 Jan 0001 00:00:00 +0000</pubDate>
      
      <guid>/resources/quiz2/data.json</guid>
      <description>This resource contains information on the instructions and problem sets for quiz 2.</description>
    </item>
    
  </channel>
</rss>
