{
  "title":"Lecture 24: Advanced Topics (cont.)",
  "description": "",
  "file": null,
  "learning_resource_types": ["Lecture Videos"],
  "resource_type": "Video",
  "file_type": null,
  "youtube_key":  "cJOHERGcGm4",
  "captions_file": "/courses/6-046j-introduction-to-algorithms-sma-5503-fall-2005/db1c19b386895a7389ff398e657d783f_cJOHERGcGm4.vtt",
  "transcript_file": "/courses/6-046j-introduction-to-algorithms-sma-5503-fall-2005/57ffa8b822fbd2451bfb667022cd3937_cJOHERGcGm4.pdf",
  "thumbnail_file": "https://img.youtube.com/vi/cJOHERGcGm4/default.jpg",
  "archive_url": "http://www.archive.org/download/MIT6.046JF05MPEG4/ocw-6.046-12dec2005-220k.mp4"}
