{
  "title":"Lecture 4: Quicksort, Randomized Algorithms",
  "description": "",
  "file": null,
  "learning_resource_types": ["Lecture Videos"],
  "resource_type": "Video",
  "file_type": null,
  "youtube_key":  "vK_q-C-kXhs",
  "captions_file": "/courses/6-046j-introduction-to-algorithms-sma-5503-fall-2005/ae595d22ac305c81b15ef9f4a8fe50ef_vK_q-C-kXhs.vtt",
  "transcript_file": "/courses/6-046j-introduction-to-algorithms-sma-5503-fall-2005/01bd67aef4bb59962e04395e498d067f_vK_q-C-kXhs.pdf",
  "thumbnail_file": "https://img.youtube.com/vi/vK_q-C-kXhs/default.jpg",
  "archive_url": "http://www.archive.org/download/MIT6.046JF05MPEG4/ocw-6.046-21sep2005-220k.mp4"}
