{
  "title":"Lecture 11: Augmenting Data Structures, Dynamic Order Statistics, Interval Trees",
  "description": "",
  "file": null,
  "learning_resource_types": ["Lecture Videos"],
  "resource_type": "Video",
  "file_type": null,
  "youtube_key":  "RHyGlha7bjE",
  "captions_file": "/courses/6-046j-introduction-to-algorithms-sma-5503-fall-2005/eb4255901245559cabbc15f723c1cf6c_RHyGlha7bjE.vtt",
  "transcript_file": "/courses/6-046j-introduction-to-algorithms-sma-5503-fall-2005/23fac2e25a1b4591073bac253589d4d9_RHyGlha7bjE.pdf",
  "thumbnail_file": "https://img.youtube.com/vi/RHyGlha7bjE/default.jpg",
  "archive_url": "http://www.archive.org/download/MIT6.046JF05MPEG4/ocw-6.046-24oct2005-220k.mp4"}
