<?xml version="1.0" encoding="utf-8" standalone="yes"?>
<rss version="2.0" xmlns:atom="http://www.w3.org/2005/Atom">
  <channel>
    <title>Readings on MIT OpenCourseWare</title>
    <link>/resources/readings/</link>
    <description>Recent content in Readings on MIT OpenCourseWare</description>
    <generator>Hugo -- gohugo.io</generator>
    <language>en-us</language><atom:link href="/resources/readings/index.xml" rel="self" type="application/rss+xml" />
    <item>
      <title>dyn_multi_alg.pdf</title>
      <link>/resources/dyn_multi_alg/data.json</link>
      <pubDate>Mon, 01 Jan 0001 00:00:00 +0000</pubDate>
      
      <guid>/resources/dyn_multi_alg/data.json</guid>
      <description>This resource contains information about dynamic multithreaded algorithms.</description>
    </item>
    
    <item>
      <title>l12_skiplists.pdf</title>
      <link>/resources/l12_skiplists/data.json</link>
      <pubDate>Mon, 01 Jan 0001 00:00:00 +0000</pubDate>
      
      <guid>/resources/l12_skiplists/data.json</guid>
      <description>This resource contains lecture notes on Skip lists.</description>
    </item>
    
    <item>
      <title>Readings</title>
      <link>/pages/readings/data.json</link>
      <pubDate>Mon, 01 Jan 0001 00:00:00 +0000</pubDate>
      
      <guid>/pages/readings/data.json</guid>
      <description>The table below provides information on the course&amp;rsquo;s reading assignments, which are taken from the course textbook:
Cormen, Thomas, Charles Leiserson, Ronald Rivest, and Clifford Stein. Introduction to Algorithms. 3rd ed. MIT Press, 2009. ISBN: 9780262033848.
In addition to the assigned course readings, see the list of useful references for the course below.
SES # TOPICS READINGS L1 Administrivia
Introduction
Analysis of Algorithms, Insertion Sort, Mergesort Chapters 1-2 R1 Correctness of Algorithms</description>
    </item>
    
  </channel>
</rss>
