{
  "title":"Lecture 1: Administrivia; Introduction; Analysis of Algorithms, Insertion Sort, Mergesort",
  "description": "",
  "file": null,
  "learning_resource_types": ["Lecture Videos"],
  "resource_type": "Video",
  "file_type": null,
  "youtube_key":  "JPyuH4qXLZ0",
  "captions_file": "/courses/6-046j-introduction-to-algorithms-sma-5503-fall-2005/43e5201d4aaa53d1aa9936df63b7e23c_JPyuH4qXLZ0.vtt",
  "transcript_file": "/courses/6-046j-introduction-to-algorithms-sma-5503-fall-2005/94cf6fb7079c136007688ec709885626_JPyuH4qXLZ0.pdf",
  "thumbnail_file": "https://img.youtube.com/vi/JPyuH4qXLZ0/default.jpg",
  "archive_url": "http://www.archive.org/download/MIT6.046JF05MPEG4/ocw-6.046-07sep2005-220k.mp4"}
