{
  "title":"Lecture 9: Relation of BSTs to Quicksort - Analysis of Random BST",
  "description": "",
  "file": null,
  "learning_resource_types": ["Lecture Videos"],
  "resource_type": "Video",
  "file_type": null,
  "youtube_key":  "vgELyZ9LXX4",
  "captions_file": "/courses/6-046j-introduction-to-algorithms-sma-5503-fall-2005/176299bbd90b57d7ab8dd482fa23768c_vgELyZ9LXX4.vtt",
  "transcript_file": "/courses/6-046j-introduction-to-algorithms-sma-5503-fall-2005/8e99a0025bdc7482c56d7303baf3333d_vgELyZ9LXX4.pdf",
  "thumbnail_file": "https://img.youtube.com/vi/vgELyZ9LXX4/default.jpg",
  "archive_url": "http://www.archive.org/download/MIT6.046JF05MPEG4/ocw-6.046-17oct2005-220k.mp4"}
