{
  "title":"Lecture 15: Dynamic Programming, Longest Common Subsequence",
  "description": "",
  "file": null,
  "learning_resource_types": ["Lecture Videos"],
  "resource_type": "Video",
  "file_type": null,
  "youtube_key":  "V5hZoJ6uK-s",
  "captions_file": "/courses/6-046j-introduction-to-algorithms-sma-5503-fall-2005/adcfbb44c688503ab97d2760225c7bfa_V5hZoJ6uK-s.vtt",
  "transcript_file": "/courses/6-046j-introduction-to-algorithms-sma-5503-fall-2005/ae6c770414c9808ae610c582918d14c2_V5hZoJ6uK-s.pdf",
  "thumbnail_file": "https://img.youtube.com/vi/V5hZoJ6uK-s/default.jpg",
  "archive_url": "http://www.archive.org/download/MIT6.046JF05MPEG4/ocw-6.046-07nov2005-220k.mp4"}
