{
  "title":"Lecture 17: Shortest Paths I: Properties, Dijkstra's Algorithm, Breadth-first Search",
  "description": "",
  "file": null,
  "learning_resource_types": ["Lecture Videos"],
  "resource_type": "Video",
  "file_type": null,
  "youtube_key":  "xhG2DyCX3uA",
  "captions_file": "/courses/6-046j-introduction-to-algorithms-sma-5503-fall-2005/7a2d74ffa7325246b7da20748d846a52_xhG2DyCX3uA.vtt",
  "transcript_file": "/courses/6-046j-introduction-to-algorithms-sma-5503-fall-2005/73affae7f82f014bf8a85c75ed48ece1_xhG2DyCX3uA.pdf",
  "thumbnail_file": "https://img.youtube.com/vi/xhG2DyCX3uA/default.jpg",
  "archive_url": "http://www.archive.org/download/MIT6.046JF05MPEG4/ocw-6.046-14nov2005-220k.mp4"}
