{
  "title":"Lecture 7: Hashing, Hash Functions",
  "description": "",
  "file": null,
  "learning_resource_types": ["Lecture Videos"],
  "resource_type": "Video",
  "file_type": null,
  "youtube_key":  "JZHBa-rLrBA",
  "captions_file": "/courses/6-046j-introduction-to-algorithms-sma-5503-fall-2005/61e655a6583250d1aa3cf91cc9e1fe01_JZHBa-rLrBA.vtt",
  "transcript_file": "/courses/6-046j-introduction-to-algorithms-sma-5503-fall-2005/743bc0ec5bc92fec95817296f3536a97_JZHBa-rLrBA.pdf",
  "thumbnail_file": "https://img.youtube.com/vi/JZHBa-rLrBA/default.jpg",
  "archive_url": "http://www.archive.org/download/MIT6.046JF05MPEG4/ocw-6.046-03oct2005-220k.mp4"}
