{
  "title":"Lecture 8: Universal Hashing, Perfect Hashing",
  "description": "",
  "file": null,
  "learning_resource_types": ["Lecture Videos"],
  "resource_type": "Video",
  "file_type": null,
  "youtube_key":  "s7QSM_hlS1U",
  "captions_file": "/courses/6-046j-introduction-to-algorithms-sma-5503-fall-2005/adc9b5e70a9455feadb8d40b278aa1fb_s7QSM_hlS1U.vtt",
  "transcript_file": "/courses/6-046j-introduction-to-algorithms-sma-5503-fall-2005/bca0ea665bfebaf4b67b821ddaa6945f_s7QSM_hlS1U.pdf",
  "thumbnail_file": "https://img.youtube.com/vi/s7QSM_hlS1U/default.jpg",
  "archive_url": "http://www.archive.org/download/MIT6.046JF05MPEG4/ocw-6.046-05oct2005-220k.mp4"}
