<?xml version="1.0" encoding="utf-8" standalone="yes"?>
<rss version="2.0" xmlns:atom="http://www.w3.org/2005/Atom">
  <channel>
    <title>Lecture Videos on MIT OpenCourseWare</title>
    <link>/resources/lecture-videos/</link>
    <description>Recent content in Lecture Videos on MIT OpenCourseWare</description>
    <generator>Hugo -- gohugo.io</generator>
    <language>en-us</language><atom:link href="/resources/lecture-videos/index.xml" rel="self" type="application/rss+xml" />
    <item>
      <title>Lecture 1: Administrivia; Introduction; Analysis of Algorithms, Insertion Sort, Mergesort</title>
      <link>/resources/lecture-1-administrivia-introduction-analysis-of-algorithms-insertion-sort-mergesort/data.json</link>
      <pubDate>Mon, 01 Jan 0001 00:00:00 +0000</pubDate>
      
      <guid>/resources/lecture-1-administrivia-introduction-analysis-of-algorithms-insertion-sort-mergesort/data.json</guid>
      <description>Topics covered: Administrivia - Introduction - Analysis of Algorithms, Insertion Sort, Mergesort
Instructors: Prof. Erik Demaine, Prof. Charles Leiserson</description>
    </item>
    
    <item>
      <title>Lecture 10: Red-black Trees, Rotations, Insertions, Deletions</title>
      <link>/resources/lecture-10-red-black-trees-rotations-insertions-deletions/data.json</link>
      <pubDate>Mon, 01 Jan 0001 00:00:00 +0000</pubDate>
      
      <guid>/resources/lecture-10-red-black-trees-rotations-insertions-deletions/data.json</guid>
      <description>Topics covered: Red-black Trees, Rotations, Insertions, Deletions
Instructors: Prof. Erik Demaine, Prof. Charles Leiserson</description>
    </item>
    
    <item>
      <title>Lecture 11: Augmenting Data Structures, Dynamic Order Statistics, Interval Trees</title>
      <link>/resources/lecture-11-augmenting-data-structures-dynamic-order-statistics-interval-trees/data.json</link>
      <pubDate>Mon, 01 Jan 0001 00:00:00 +0000</pubDate>
      
      <guid>/resources/lecture-11-augmenting-data-structures-dynamic-order-statistics-interval-trees/data.json</guid>
      <description>Topics covered: Augmenting Data Structures, Dynamic Order Statistics, Interval Trees
Instructors: Prof. Erik Demaine, Prof. Charles Leiserson</description>
    </item>
    
    <item>
      <title>Lecture 12: Skip Lists</title>
      <link>/resources/lecture-12-skip-lists/data.json</link>
      <pubDate>Mon, 01 Jan 0001 00:00:00 +0000</pubDate>
      
      <guid>/resources/lecture-12-skip-lists/data.json</guid>
      <description>Topics covered: Skip Lists
Instructors: Prof. Erik Demaine, Prof. Charles Leiserson</description>
    </item>
    
    <item>
      <title>Lecture 13: Amortized Algorithms, Table Doubling, Potential Method</title>
      <link>/resources/lecture-13-amortized-algorithms-table-doubling-potential-method/data.json</link>
      <pubDate>Mon, 01 Jan 0001 00:00:00 +0000</pubDate>
      
      <guid>/resources/lecture-13-amortized-algorithms-table-doubling-potential-method/data.json</guid>
      <description>Topics covered: Amortized Algorithms, Table Doubling, Potential Method
Instructors: Prof. Erik Demaine, Prof. Charles Leiserson</description>
    </item>
    
    <item>
      <title>Lecture 14: Competitive Analysis: Self-organizing Lists</title>
      <link>/resources/lecture-14-competitive-analysis-self-organizing-lists/data.json</link>
      <pubDate>Mon, 01 Jan 0001 00:00:00 +0000</pubDate>
      
      <guid>/resources/lecture-14-competitive-analysis-self-organizing-lists/data.json</guid>
      <description>Topics covered: Competitive Analysis: Self-organizing Lists
Instructors: Prof. Erik Demaine, Prof. Charles Leiserson</description>
    </item>
    
    <item>
      <title>Lecture 15: Dynamic Programming, Longest Common Subsequence</title>
      <link>/resources/lecture-15-dynamic-programming-longest-common-subsequence/data.json</link>
      <pubDate>Mon, 01 Jan 0001 00:00:00 +0000</pubDate>
      
      <guid>/resources/lecture-15-dynamic-programming-longest-common-subsequence/data.json</guid>
      <description>Topics covered: Dynamic Programming, Longest Common Subsequence
Instructors: Prof. Erik Demaine, Prof. Charles Leiserson</description>
    </item>
    
    <item>
      <title>Lecture 16: Greedy Algorithms, Minimum Spanning Trees</title>
      <link>/resources/lecture-16-greedy-algorithms-minimum-spanning-trees/data.json</link>
      <pubDate>Mon, 01 Jan 0001 00:00:00 +0000</pubDate>
      
      <guid>/resources/lecture-16-greedy-algorithms-minimum-spanning-trees/data.json</guid>
      <description>Topics covered: Greedy Algorithms, Minimum Spanning Trees
Instructors: Prof. Erik Demaine, Prof. Charles Leiserson</description>
    </item>
    
    <item>
      <title>Lecture 17: Shortest Paths I: Properties, Dijkstra&#39;s Algorithm, Breadth-first Search</title>
      <link>/resources/lecture-17-shortest-paths-i-properties-dijkstras-algorithm-breadth-first-search/data.json</link>
      <pubDate>Mon, 01 Jan 0001 00:00:00 +0000</pubDate>
      
      <guid>/resources/lecture-17-shortest-paths-i-properties-dijkstras-algorithm-breadth-first-search/data.json</guid>
      <description>Topics covered: Shortest Paths I: Properties, Dijkstra&amp;rsquo;s Algorithm, Breadth-first Search
Instructors: Prof. Erik Demaine, Prof. Charles Leiserson</description>
    </item>
    
    <item>
      <title>Lecture 18: Shortest Paths II: Bellman-Ford, Linear Programming, Difference Constraints</title>
      <link>/resources/lecture-18-shortest-paths-ii-bellman-ford-linear-programming-difference-constraints/data.json</link>
      <pubDate>Mon, 01 Jan 0001 00:00:00 +0000</pubDate>
      
      <guid>/resources/lecture-18-shortest-paths-ii-bellman-ford-linear-programming-difference-constraints/data.json</guid>
      <description>Topics covered: Shortest Paths II: Bellman-Ford, Linear Programming, Difference Constraints
Instructors: Prof. Erik Demaine, Prof. Charles Leiserson</description>
    </item>
    
    <item>
      <title>Lecture 19: Shortest Paths III: All-pairs Shortest Paths, Matrix Multiplication, Floyd-Warshall, Johnson</title>
      <link>/resources/lecture-19-shortest-paths-iii-all-pairs-shortest-paths-matrix-multiplication-floyd-warshall-johnson/data.json</link>
      <pubDate>Mon, 01 Jan 0001 00:00:00 +0000</pubDate>
      
      <guid>/resources/lecture-19-shortest-paths-iii-all-pairs-shortest-paths-matrix-multiplication-floyd-warshall-johnson/data.json</guid>
      <description>Topics covered: Shortest Paths III: All-pairs Shortest Paths, Matrix Multiplication, Floyd-Warshall, Johnson
Instructors: Prof. Erik Demaine, Prof. Charles Leiserson</description>
    </item>
    
    <item>
      <title>Lecture 2: Asymptotic Notation; Recurrences; Substitution, Master Method</title>
      <link>/resources/lecture-2-asymptotic-notation-recurrences-substitution-master-method/data.json</link>
      <pubDate>Mon, 01 Jan 0001 00:00:00 +0000</pubDate>
      
      <guid>/resources/lecture-2-asymptotic-notation-recurrences-substitution-master-method/data.json</guid>
      <description>Topics covered: Asymptotic Notation - Recurrences - Substitution, Master Method
Instructors: Prof. Erik Demaine, Prof. Charles Leiserson</description>
    </item>
    
    <item>
      <title>Lecture 22: Advanced Topics</title>
      <link>/resources/lecture-22-advanced-topics/data.json</link>
      <pubDate>Mon, 01 Jan 0001 00:00:00 +0000</pubDate>
      
      <guid>/resources/lecture-22-advanced-topics/data.json</guid>
      <description>Topics covered: Advanced Topics
Instructors: Prof. Erik Demaine, Prof. Charles Leiserson</description>
    </item>
    
    <item>
      <title>Lecture 23: Advanced Topics (cont.)</title>
      <link>/resources/lecture-23-advanced-topics-cont/data.json</link>
      <pubDate>Mon, 01 Jan 0001 00:00:00 +0000</pubDate>
      
      <guid>/resources/lecture-23-advanced-topics-cont/data.json</guid>
      <description>Topics covered: Advanced Topics (cont.)
Instructors: Prof. Erik Demaine, Prof. Charles Leiserson</description>
    </item>
    
    <item>
      <title>Lecture 24: Advanced Topics (cont.)</title>
      <link>/resources/lecture-24-advanced-topics-cont/data.json</link>
      <pubDate>Mon, 01 Jan 0001 00:00:00 +0000</pubDate>
      
      <guid>/resources/lecture-24-advanced-topics-cont/data.json</guid>
      <description>Topics covered: Advanced Topics (cont.)
Instructors: Prof. Erik Demaine, Prof. Charles Leiserson</description>
    </item>
    
    <item>
      <title>Lecture 25: Advanced Topics (cont.) - Discussion of Follow-on Classes</title>
      <link>/resources/lecture-25-advanced-topics-cont/data.json</link>
      <pubDate>Mon, 01 Jan 0001 00:00:00 +0000</pubDate>
      
      <guid>/resources/lecture-25-advanced-topics-cont/data.json</guid>
      <description>Topics covered: Advanced Topics (cont.) - Discussion of Follow-on Classes
Instructors: Prof. Erik Demaine, Prof. Charles Leiserson</description>
    </item>
    
    <item>
      <title>Lecture 3: Divide-and-Conquer: Strassen, Fibonacci, Polynomial Multiplication</title>
      <link>/resources/lecture-3-divide-and-conquer-strassen-fibonacci-polynomial-multiplication/data.json</link>
      <pubDate>Mon, 01 Jan 0001 00:00:00 +0000</pubDate>
      
      <guid>/resources/lecture-3-divide-and-conquer-strassen-fibonacci-polynomial-multiplication/data.json</guid>
      <description>Topics covered: Divide-and-Conquer: Strassen, Fibonacci, Polynomial Multiplication
Instructors: Prof. Erik Demaine, Prof. Charles Leiserson</description>
    </item>
    
    <item>
      <title>Lecture 4: Quicksort, Randomized Algorithms</title>
      <link>/resources/lecture-4-quicksort-randomized-algorithms/data.json</link>
      <pubDate>Mon, 01 Jan 0001 00:00:00 +0000</pubDate>
      
      <guid>/resources/lecture-4-quicksort-randomized-algorithms/data.json</guid>
      <description>Topics covered: Quicksort, Randomized Algorithms
Instructors: Prof. Erik Demaine, Prof. Charles Leiserson</description>
    </item>
    
    <item>
      <title>Lecture 5: Linear-time Sorting: Lower Bounds, Counting Sort, Radix Sort</title>
      <link>/resources/lecture-5-linear-time-sorting-lower-bounds-counting-sort-radix-sort/data.json</link>
      <pubDate>Mon, 01 Jan 0001 00:00:00 +0000</pubDate>
      
      <guid>/resources/lecture-5-linear-time-sorting-lower-bounds-counting-sort-radix-sort/data.json</guid>
      <description>Topics covered: Linear-time Sorting: Lower Bounds, Counting Sort, Radix Sort
Instructors: Prof. Erik Demaine, Prof. Charles Leiserson</description>
    </item>
    
    <item>
      <title>Lecture 6: Order Statistics, Median</title>
      <link>/resources/lecture-6-order-statistics-median/data.json</link>
      <pubDate>Mon, 01 Jan 0001 00:00:00 +0000</pubDate>
      
      <guid>/resources/lecture-6-order-statistics-median/data.json</guid>
      <description>Topics covered: Order Statistics, Median
Instructors: Prof. Erik Demaine, Prof. Charles Leiserson</description>
    </item>
    
    <item>
      <title>Lecture 7: Hashing, Hash Functions</title>
      <link>/resources/lecture-7-hashing-hash-functions/data.json</link>
      <pubDate>Mon, 01 Jan 0001 00:00:00 +0000</pubDate>
      
      <guid>/resources/lecture-7-hashing-hash-functions/data.json</guid>
      <description>Topics covered: Hashing, Hash Functions
Instructors: Prof. Erik Demaine, Prof. Charles Leiserson</description>
    </item>
    
    <item>
      <title>Lecture 8: Universal Hashing, Perfect Hashing</title>
      <link>/resources/lecture-8-universal-hashing-perfect-hashing/data.json</link>
      <pubDate>Mon, 01 Jan 0001 00:00:00 +0000</pubDate>
      
      <guid>/resources/lecture-8-universal-hashing-perfect-hashing/data.json</guid>
      <description>Topics covered: Universal Hashing, Perfect Hashing
Instructors: Prof. Erik Demaine, Prof. Charles Leiserson</description>
    </item>
    
    <item>
      <title>Lecture 9: Relation of BSTs to Quicksort - Analysis of Random BST</title>
      <link>/resources/lecture-9-relation-of-bsts-to-quicksort-analysis-of-random-bst/data.json</link>
      <pubDate>Mon, 01 Jan 0001 00:00:00 +0000</pubDate>
      
      <guid>/resources/lecture-9-relation-of-bsts-to-quicksort-analysis-of-random-bst/data.json</guid>
      <description>Topics covered: Relation of BSTs to Quicksort - Analysis of Random BST
Instructors: Prof. Erik Demaine, Prof. Charles Leiserson</description>
    </item>
    
    <item>
      <title>Video Lectures</title>
      <link>/video_galleries/video-lectures/data.json</link>
      <pubDate>Mon, 01 Jan 0001 00:00:00 +0000</pubDate>
      
      <guid>/video_galleries/video-lectures/data.json</guid>
      <description>Audio/video for lectures 20 and 21 are not available.
Lecture 1: Administrivia; Introduction; Analysis of Algorithms, Insertion Sort, Mergesort Lecture 2: Asymptotic Notation; Recurrences; Substitution, Master Method Lecture 3: Divide-and-Conquer: Strassen, Fibonacci, Polynomial Multiplication Lecture 4: Quicksort, Randomized Algorithms Lecture 5: Linear-time Sorting: Lower Bounds, Counting Sort, Radix Sort Lecture 6: Order Statistics, Median Lecture 7: Hashing, Hash Functions Lecture 8: Universal Hashing, Perfect Hashing Lecture 9: Relation of BSTs to Quicksort - Analysis of Random BST Lecture 10: Red-black Trees, Rotations, Insertions, Deletions Lecture 11: Augmenting Data Structures, Dynamic Order Statistics, Interval Trees Lecture 12: Skip Lists Lecture 13: Amortized Algorithms, Table Doubling, Potential Method Lecture 14: Competitive Analysis: Self-organizing Lists Lecture 15: Dynamic Programming, Longest Common Subsequence Lecture 16: Greedy Algorithms, Minimum Spanning Trees Lecture 17: Shortest Paths I: Properties, Dijkstra&amp;#39;s Algorithm, Breadth-first Search Lecture 18: Shortest Paths II: Bellman-Ford, Linear Programming, Difference Constraints Lecture 19: Shortest Paths III: All-pairs Shortest Paths, Matrix Multiplication, Floyd-Warshall, Johnson Lecture 22: Advanced Topics Lecture 23: Advanced Topics (cont.</description>
    </item>
    
  </channel>
</rss>
