{
  "title":"Lecture 22: Advanced Topics",
  "description": "",
  "file": null,
  "learning_resource_types": ["Lecture Videos"],
  "resource_type": "Video",
  "file_type": null,
  "youtube_key":  "PYvJmLKhM-Y",
  "captions_file": "/courses/6-046j-introduction-to-algorithms-sma-5503-fall-2005/a0f39b6cbff55a2c96bba5d68b688f10_PYvJmLKhM-Y.vtt",
  "transcript_file": "/courses/6-046j-introduction-to-algorithms-sma-5503-fall-2005/8b44bfc85aeab0268a2c9400cbe6633a_PYvJmLKhM-Y.pdf",
  "thumbnail_file": "https://img.youtube.com/vi/PYvJmLKhM-Y/default.jpg",
  "archive_url": "http://www.archive.org/download/MIT6.046JF05MPEG4/ocw-6.046-05dec2005-220k.mp4"}
