{
  "title":"Lecture 3: Divide-and-Conquer: Strassen, Fibonacci, Polynomial Multiplication",
  "description": "",
  "file": null,
  "learning_resource_types": ["Lecture Videos"],
  "resource_type": "Video",
  "file_type": null,
  "youtube_key":  "-EQTVuAhSFY",
  "captions_file": "/courses/6-046j-introduction-to-algorithms-sma-5503-fall-2005/bee3e89946ae5bffa3182a983ec6cc0a_-EQTVuAhSFY.vtt",
  "transcript_file": "/courses/6-046j-introduction-to-algorithms-sma-5503-fall-2005/2ad701cf6e05ad46c9962644924a826e_-EQTVuAhSFY.pdf",
  "thumbnail_file": "https://img.youtube.com/vi/-EQTVuAhSFY/default.jpg",
  "archive_url": "http://www.archive.org/download/MIT6.046JF05MPEG4/ocw-6.046-14sep2005-220k.mp4"}
