{
  "title":"Lecture 12: Skip Lists",
  "description": "",
  "file": null,
  "learning_resource_types": ["Lecture Videos"],
  "resource_type": "Video",
  "file_type": null,
  "youtube_key":  "kBwUoWpeH_Q",
  "captions_file": "/courses/6-046j-introduction-to-algorithms-sma-5503-fall-2005/30ea45bd0e5e5724bde89e2816cd308a_kBwUoWpeH_Q.vtt",
  "transcript_file": "/courses/6-046j-introduction-to-algorithms-sma-5503-fall-2005/8eb6b518f066789ef290d1fd71e348c0_kBwUoWpeH_Q.pdf",
  "thumbnail_file": "https://img.youtube.com/vi/kBwUoWpeH_Q/default.jpg",
  "archive_url": "http://www.archive.org/download/MIT6.046JF05MPEG4/ocw-6.046-26oct2005-220k.mp4"}
