{
  "title":"6-046jf05.jpg",
  "description": "Cover of 6.046J textbook, Introduction to Algorithms, Second Edition, by Cormen, Leiserson, Rivest, and Stein. (Image courtesy of MIT Press.)",
  "file": "/courses/6-046j-introduction-to-algorithms-sma-5503-fall-2005/f79f55df6aae6289ed44a7170e19acd0_6-046jf05.jpg",
  "learning_resource_types": [],
  "resource_type": "Image",
  "file_type": "image/jpeg",
  "image_metadata": {"caption":"Cover of 6.046J textbook, _Introduction to Algorithms_, Second Edition, by Cormen, Leiserson, Rivest, and Stein. (Image courtesy of MIT Press.)","credit":"","image-alt":"Cover of the textbook used in this course."}}
