{
  "title":"Lecture 23: Advanced Topics (cont.)",
  "description": "",
  "file": null,
  "learning_resource_types": ["Lecture Videos"],
  "resource_type": "Video",
  "file_type": null,
  "youtube_key":  "F0VsQWWVWU4",
  "captions_file": "/courses/6-046j-introduction-to-algorithms-sma-5503-fall-2005/2ebc0eb585ad5242a9c4d8e706cc1c73_F0VsQWWVWU4.vtt",
  "transcript_file": "/courses/6-046j-introduction-to-algorithms-sma-5503-fall-2005/6623a0d52e75c64e3b0221ca66f42d61_F0VsQWWVWU4.pdf",
  "thumbnail_file": "https://img.youtube.com/vi/F0VsQWWVWU4/default.jpg",
  "archive_url": "http://www.archive.org/download/MIT6.046JF05MPEG4/ocw-6.046-07dec2005-220k.mp4"}
