{"00f360f9-334b-6de8-ab0d-12dc4530074d":"/resources/cjohergcgm4/data.json","01bd67ae-f4bb-5996-2e04-395e498d067f":"/resources/vk_q-c-kxhs-1/data.json","038082bd-daf2-cd71-8a96-f35effebed99":"/resources/lecture-7-hashing-hash-functions/data.json","0514e492-4da6-fe08-0087-824cae0f61cf":"/resources/editdistance-1/data.json","06bf7fe4-d497-5b80-a05a-b316a325f784":"/resources/vgelyz9lxx4/data.json","07deed5b-5a43-9ef9-82ef-40aaa282d444":"/resources/lec16/data.json","0a02bc84-e917-b9ae-ddaf-69c8dc151a6f":"/resources/lec13/data.json","1051c08e-8a32-dc41-1190-b515ab067aaa":"/resources/jzhba-rlrba/data.json","12317732-a175-a090-a2b4-fd3e525255f1":"/resources/ps8sol/data.json","144d9e51-3546-eac8-c1fd-9b0d278e6eb2":"/pages/exams/data.json","14e244eb-2acd-dfb8-6d13-307de4433d6b":"/resources/s7qsm_hls1u/data.json","15c73395-e079-7f72-fe30-1598c887193f":"/resources/6_046j_lec19_th/data.json","1686b1f0-f51d-b546-6065-9c9d6abb06c6":"/resources/ps8/data.json","176299bb-d90b-57d7-ab8d-d482fa23768c":"/resources/vgelyz9lxx4-2/data.json","18167c95-317e-5340-225e-dcc885d0add4":"/resources/lec2/data.json","18d40a32-4adc-e45c-87f7-b235f61783bf":"/resources/lecture-15-dynamic-programming-longest-common-subsequence/data.json","1941adaa-4d2a-89ac-c0fc-bf54a0564971":"/resources/rhyglha7bje/data.json","1d8cc615-5112-8f92-81fb-52ea5c4bff91":"/resources/fpembwg_wly-1/data.json","1f946708-d32a-5c49-8ae3-140f253e88de":"/resources/2rxccehleys-2/data.json","1fa860af-a3b3-8895-51ce-cd686afdf8de":"/resources/ps1sol/data.json","21bf373b-58dc-d53a-7650-a8072a76a448":"/resources/ps1/data.json","23404667-19b0-324f-1dfa-4900f92a6447":"/pages/calendar/data.json","23fac2e2-5a1b-4591-073b-ac253589d4d9":"/resources/rhyglha7bje-1/data.json","269a4822-62ca-d733-182c-9c2b887d4e95":"/resources/mr_rujsjnv8/data.json","29d773f2-4e1b-5d39-b359-69da999fe96d":"/resources/whjt_n9uyfi-2/data.json","2ad701cf-6e05-ad46-c996-2644924a826e":"/resources/-eqtvuahsfy-1/data.json","2beffab4-2b00-fde9-47a6-5139fe436c09":"/resources/o3hi9fdxfom-1/data.json","2d2648ca-3df8-461c-1d2d-4ed58d52fd1e":"/resources/lecture-19-shortest-paths-iii-all-pairs-shortest-paths-matrix-multiplication-floyd-warshall-johnson/data.json","2df2e87d-0448-59c1-b2db-ff5c0d3ccc0a":"/resources/xhg2dycx3ua/data.json","2e2ecc17-6de5-9dd8-7cc2-9523f57769b8":"/resources/vk_q-c-kxhs/data.json","2ebc0eb5-85ad-5242-a9c4-d8e706cc1c73":"/resources/f0vsqwwvwu4-2/data.json","30ea45bd-0e5e-5724-bde8-9e2816cd308a":"/resources/kbwuowpeh_q-2/data.json","32d0b6f5-c6a5-9993-a8f0-faa1eed5edac":"/resources/6_046j_lec24_th/data.json","32fcac4f-08c8-0f5f-34f6-74967ca189ee":"/resources/input2/data.json","39710da2-cb21-3dd7-7a03-577fd699f63d":"/resources/ps4/data.json","3b98255f-ecbd-dd4e-f435-b8937a71eed9":"/resources/lecture-16-greedy-algorithms-minimum-spanning-trees/data.json","3f93a729-422c-061f-764e-5a44eb7d12e2":"/resources/ps4sol/data.json","41ba2bd0-da08-d73b-8b21-1daa43a75be6":"/resources/dyn_multi_alg/data.json","43e5201d-4aaa-53d1-aa99-36df63b7e23c":"/resources/jpyuh4qxlz0-2/data.json","452ebf86-b7f7-dad4-3639-6c8a2bb02914":"/resources/lecture-2-asymptotic-notation-recurrences-substitution-master-method/data.json","45580f20-02aa-19c1-e5ce-37d2f5acf3a1":"/resources/2rxccehleys-1/data.json","45818c7b-132e-73f0-513d-a040c2325342":"/resources/6_046j_lec16_th/data.json","4ac68e5b-9ac6-c35e-0e6b-dc661b30daf8":"/resources/lec9/data.json","4acb517a-53ef-8754-f7a6-ff7cb3555691":"/resources/6_046j_lec23_th/data.json","4d605716-d02d-8af9-ed67-641e52d3cee5":"/resources/ps5sol/data.json","4d7515b0-5934-9299-69bf-a586e76adb15":"/resources/lec1/data.json","507f1747-3d5c-03b9-3a67-e5ce66f3066d":"/resources/lecture-13-amortized-algorithms-table-doubling-potential-method/data.json","50cf7a38-931c-43f0-9bd7-1e7256cb2789":"/resources/ps2/data.json","512c0e79-56ce-cb11-9d54-78dc30255901":"/resources/lec18/data.json","540ffcfa-8666-4bc4-15e5-cef042b4cee3":"/resources/jpyuh4qxlz0/data.json","542d8629-2d85-530f-af66-abe3cb703f15":"/resources/0vqawrl3xzs-2/data.json","5585c870-7f78-8072-c6e1-7cf770be7cc5":"/resources/kbwuowpeh_q/data.json","56d328f0-156c-6095-8d5c-cfe7aaa87803":"/resources/6-046jf05-th/data.json","56d8d06f-d7c4-1a0a-9418-b71d90a24d35":"/resources/lecture-10-red-black-trees-rotations-insertions-deletions/data.json","57ffa8b8-22fb-d245-1bfb-667022cd3937":"/resources/cjohergcgm4-1/data.json","581317b8-4945-40c7-9fc2-930cff1d8de0":"/resources/practicefinal/data.json","58d493e5-6705-4ad0-0561-5d126652dd80":"/resources/o3hi9fdxfom/data.json","5b2aff85-fc3c-242e-1ffc-1668a2c8762b":"/resources/zjudy6a5vx4-1/data.json","5bf91e54-1801-a5a9-f0f5-0722fbb178a8":"/resources/lec10/data.json","5d50a443-7e5f-df5f-7948-32bd470eb743":"/resources/6_046j_lec12_th/data.json","5e10dcbf-d59e-3f29-a2b7-d1673e5f8404":"/resources/quiz2/data.json","5ef4eab3-b8cd-bc72-f0a8-e4209b41c78d":"/resources/qh5lshcbirs-1/data.json","61118bca-e6b9-5a7d-9d91-8b52d462290c":"/resources/zjudy6a5vx4-2/data.json","611f7531-1c4d-5e92-bc38-0e08580d5b94":"/resources/qh5lshcbirs-2/data.json","613532bf-2596-b320-c20f-5bc21dbce017":"/resources/lecture-11-augmenting-data-structures-dynamic-order-statistics-interval-trees/data.json","61e655a6-5832-50d1-aa3c-f91cc9e1fe01":"/resources/jzhba-rlrba-2/data.json","6229f528-29c6-8a7e-84f7-8198ad54c304":"/resources/lec14/data.json","629dd6a1-3ce9-be71-399d-ce0156b028f7":"/resources/6_046j_lec15_th/data.json","63881653-f324-6a5d-1977-088fcc676590":"/resources/lec5/data.json","63b00c36-e382-27e0-5c8f-5f9c8206aad7":"/resources/prac_final_sol/data.json","63e4597b-f275-a5b1-4540-4efa33d7600c":"/resources/samplesol/data.json","6532e1c5-ef5f-5668-b63c-bd7b2896fe27":"/resources/sygq1e0xwnm-2/data.json","6623a0d5-2e75-c64e-3b02-21ca66f42d61":"/resources/f0vsqwwvwu4-1/data.json","6792814f-c66b-5436-eb38-9cc6d114e882":"/resources/sygq1e0xwnm-1/data.json","68371a32-2f9c-e7e5-f75d-f73d7e4b01f2":"/resources/6_046j_lec04_th/data.json","6908a093-9565-36b7-ed99-aa9c26a3ddc4":"/resources/lec12/data.json","6ac64f72-03de-1bea-56b5-70e76e0f06ea":"/resources/fpembwg_wly/data.json","6b0d7724-4914-e316-c05f-711bf04f62cd":"/resources/ps3/data.json","6bf80194-1af3-70fe-c4ee-856e8e874bcc":"/resources/lecture-6-order-statistics-median/data.json","73130e7e-79d3-ba64-5da9-3604e084d436":"/resources/lec19/data.json","73affae7-f82f-014b-f8a8-5c75ed48ece1":"/resources/xhg2dycx3ua-1/data.json","743bc0ec-5bc9-2fec-9581-7296f3536a97":"/resources/jzhba-rlrba-1/data.json","755348a6-424a-5df9-180d-84ce92caaf23":"/resources/6_046j_lec01_th/data.json","774aef28-9a66-dc92-ab51-58f4ac350f07":"/resources/6_046j_lec25_th/data.json","7a2d74ff-a732-5246-b7da-20748d846a52":"/resources/xhg2dycx3ua-2/data.json","7da9c584-00cc-b80a-249e-7fc7cf1ed631":"/resources/ps7sol/data.json","7e541412-e336-504a-5f7c-db86eeb25901":"/resources/lecture-1-administrivia-introduction-analysis-of-algorithms-insertion-sort-mergesort/data.json","7ef0c027-3427-e94a-9c63-0019fef079ac":"/resources/6_046j_lec17_th/data.json","7f0b1329-7741-2c4f-a2e5-a71ee9001783":"/resources/6_046j_lec03_th/data.json","81d240e8-db21-9502-7123-49254cdd5272":"/resources/whjt_n9uyfi-1/data.json","81dd46ef-cedf-5d6e-917a-9f99e8da2a45":"/resources/fpembwg_wly-2/data.json","85dbce5f-fe4e-76e4-065b-5aeca3ef74c2":"/resources/pyvjmlkhm-y/data.json","87b244e3-6319-2122-fbd8-892b4dea4a8f":"/resources/ps9/data.json","87e3ae92-a585-f838-3a70-452da325e233":"/resources/quiz2_practice/data.json","89952be0-358a-949c-2e23-23eb3bc589b9":"/resources/sygq1e0xwnm/data.json","8b44bfc8-5aea-b026-8a2c-9400cbe6633a":"/resources/pyvjmlkhm-y-1/data.json","8c4a52f0-eaff-b308-ac52-fad1fa991f02":"/resources/6_046j_lec02_th/data.json","8e99a002-5bdc-7482-c56d-7303baf3333d":"/resources/vgelyz9lxx4-1/data.json","8eb6b518-f066-789e-f290-d1fd71e348c0":"/resources/kbwuowpeh_q-1/data.json","8fccfff4-468d-d695-44b3-04721ded74e1":"/resources/6_046j_lec22_th/data.json","9014f082-44c5-c389-e110-061fdf023497":"/resources/6_046j_lec14_th/data.json","91811022-3b95-3b18-65bd-166dac2ddf77":"/resources/ps2sol/data.json","94cf6fb7-079c-1360-0768-8ec709885626":"/resources/jpyuh4qxlz0-1/data.json","9525c825-2672-5d54-a146-e3da929617fa":"/resources/o3hi9fdxfom-2/data.json","954e0884-c3e3-5781-b5f3-b568985a73a0":"/resources/ttezuzs39nk-2/data.json","96f941f9-8dfe-207c-30ea-bfb34bee5e2d":"/resources/quiz2_sol/data.json","97a21435-7fe4-3fe4-4ad0-d3580c533043":"/resources/6_046j_lec09_th/data.json","9ac95a95-28a8-3285-f2f7-5bfcf0b5d08a":"/resources/ps3sol/data.json","9cdb6914-be3e-8721-5cb8-6f327ee4180b":"/resources/lec3/data.json","9e5099e0-6ed0-0dc8-3d12-922ebdf25ae1":"/resources/sample/data.json","9f102c5f-49cc-7989-dbd7-f6bca78dd516":"/resources/zjudy6a5vx4/data.json","9f428ed0-7132-9621-5488-4542162a29e5":"/resources/ps6/data.json","9f9a0a20-67e8-e6c4-3503-e78c4ebaa688":"/resources/6_046j_lec08_th/data.json","a072aa17-a28a-adb6-8453-281cefb405cd":"/resources/input1/data.json","a0f39b6c-bff5-5a2c-96bb-a5d68b688f10":"/resources/pyvjmlkhm-y-2/data.json","a3660c40-0a9a-4417-7466-b46a417229a1":"/resources/f0vsqwwvwu4/data.json","a4e46de4-7df3-f064-d147-8be6c949c758":"/resources/6_046j_lec05_th/data.json","a6257858-74fe-4972-74f8-8200321213f0":"/resources/6_046j2005l24/data.json","a93556ca-19a6-7de6-4f66-9f0b029952a5":"/resources/6_046j_lec11_th/data.json","ac821cff-80ea-b14c-3617-27f85f058abb":"/resources/lecture-25-advanced-topics-cont/data.json","adc9b5e7-0a94-55fe-adb8-d40b278aa1fb":"/resources/s7qsm_hls1u-2/data.json","adcfbb44-c688-503a-b97d-2760225c7bfa":"/resources/v5hzoj6uk-s-2/data.json","ae595d22-ac30-5c81-b15e-f9f4a8fe50ef":"/resources/vk_q-c-kxhs-2/data.json","ae6c7704-14c9-808a-e610-c582918d14c2":"/resources/v5hzoj6uk-s-1/data.json","b10763ad-a03e-9cf8-47e2-90c31985042c":"/resources/ps5/data.json","b6584cd7-e7b7-38d8-5519-048d75ca49e2":"/resources/practice_quiz1/data.json","b99e1682-2ba4-b721-f7b1-7788bc584595":"/resources/lecture-14-competitive-analysis-self-organizing-lists/data.json","ba0933c9-cbc1-1e64-38fa-334c76fd58a3":"/resources/input3/data.json","bc28ecd4-b6e2-239b-8a79-4d23aabdabf3":"/resources/6_046j2005l25/data.json","bc69de4f-568b-5cbc-fbc5-88929cdff4c9":"/resources/lec15/data.json","bca0ea66-5bfe-baf4-b67b-821ddaa6945f":"/resources/s7qsm_hls1u-1/data.json","bdfdbc23-91da-ad0b-8c32-606d6d3644a4":"/resources/0vqawrl3xzs-1/data.json","be3a4b32-6980-d77d-837c-0ad9ee9b2475":"/resources/2rxccehleys/data.json","bee3e899-46ae-5bff-a318-2a983ec6cc0a":"/resources/-eqtvuahsfy-2/data.json","c0da168d-db4a-6f7f-252c-a4461080bf71":"/resources/lec17/data.json","c0fb16b3-8fa7-59ce-f295-c7b3da11cb4f":"/resources/mr_rujsjnv8-1/data.json","c22b42c3-f9bf-60df-ceef-da300225faac":"/resources/editdistance/data.json","c4926125-42f7-cc7a-09f7-3790a5f91d81":"/video_galleries/video-lectures/data.json","c69eacf7-b834-4572-d9ce-d8efff02f2b3":"/resources/l12_skiplists/data.json","c8a512f8-6dc7-afc8-165e-3a4bf4129666":"/pages/syllabus/data.json","c9820016-f117-6a44-bf90-abf38331392d":"/pages/readings/data.json","c9c804d4-5e58-c1e8-ad08-f8e09daeb493":"/resources/6_046j_lec06_th/data.json","ca4e5673-e2b6-4eac-c569-1cda564cba49":"/resources/lec6/data.json","cb6c520a-6a19-bbac-6eb8-1b8aa58ef93c":"/resources/6_046j_lec18_th/data.json","cc77da79-d0f2-7a0f-226a-275cd8a9b92d":"/resources/v5hzoj6uk-s/data.json","cde36a0c-c9d7-a4e0-66d4-716cb17fd6fb":"/resources/lecture-5-linear-time-sorting-lower-bounds-counting-sort-radix-sort/data.json","ce6ea57d-d298-c8e6-4609-802daf2eaaec":"/resources/lec7/data.json","d256a1d2-6b39-4200-0f0a-4b54045609ec":"/resources/whjt_n9uyfi/data.json","d41eb4bc-d223-5218-d934-35b1cc90e836":"/resources/6_046j_lec10_th/data.json","d4407d38-4434-057f-e073-3bcb812c336e":"/resources/ttezuzs39nk-1/data.json","d9a4dadc-de8f-5881-1056-d4bf5bc403df":"/resources/final_sol/data.json","d9f28ab1-dc2b-52a9-f2d7-93623ef6cca5":"/resources/0vqawrl3xzs/data.json","db1c19b3-8689-5a73-89ff-398e657d783f":"/resources/cjohergcgm4-2/data.json","dbda8457-c7e0-7e59-da73-b24b9d372d34":"/resources/final/data.json","dd5db041-b018-4f75-cab5-1dea74fd5d1d":"/resources/6_046j2005l22/data.json","de2b7f3c-c5c0-6a23-4592-d4bc20157d24":"/resources/6_046j2005l23/data.json","de9e94bd-0854-15a2-dd7f-bc73512ae8b0":"/resources/lecture-8-universal-hashing-perfect-hashing/data.json","dfb42d20-3a46-edd2-e6ef-2ec8e2272961":"/resources/ps6sol/data.json","e0b2d539-3568-9200-2422-e63268e16f88":"/resources/quiz1/data.json","e0bb6a56-8381-33a9-3b84-e8790f090bff":"/resources/lecture-24-advanced-topics-cont/data.json","e1d33bce-0469-110e-d763-3d808ccdcdde":"/resources/ttezuzs39nk/data.json","e2811b1f-1d45-e193-5128-46efc0e01d43":"/resources/lecture-9-relation-of-bsts-to-quicksort-analysis-of-random-bst/data.json","e301a48f-90cc-f7f1-0bf2-0102b447c03a":"/resources/lecture-17-shortest-paths-i-properties-dijkstras-algorithm-breadth-first-search/data.json","e7f41b14-52b2-660d-d8b7-aa5a2f0f85d1":"/resources/ps7/data.json","e942b39b-3005-c3e6-0aea-fd8ef255efda":"/resources/lecture-18-shortest-paths-ii-bellman-ford-linear-programming-difference-constraints/data.json","e9d84622-00b4-74f0-ee3d-4dbd3a22ebe9":"/resources/lecture-22-advanced-topics/data.json","ea5dc5d3-884f-7556-45ba-aa4044f92f74":"/resources/lecture-23-advanced-topics-cont/data.json","eb425590-1245-559c-abbc-15f723c1cf6c":"/resources/rhyglha7bje-2/data.json","ee4a56d3-393e-654d-e1bd-8c4bddaa8bfc":"/resources/6_046j_lec07_th/data.json","eebc00db-28f8-6505-91e3-be446a31f1cf":"/resources/lec11/data.json","ef415d49-479b-56f7-d342-4d70bff51d66":"/resources/lec4/data.json","efc69ef8-6c18-e164-d675-bd8808c6477a":"/pages/assignments/data.json","f0a8af87-c6fc-4d8d-a48a-86ae441c817a":"/resources/lecture-12-skip-lists/data.json","f0cdfd37-3e9f-8b7c-839e-7ed13bbfe748":"/resources/quiz1_sol/data.json","f1fea979-37ed-c97a-e966-91b80651421a":"/resources/ps9sol/data.json","f268646b-b678-ada0-3cc9-8e33151455d7":"/resources/6_046j_lec13_th/data.json","f2c5cc98-1e7a-5c86-920e-25299148a1f3":"/resources/mr_rujsjnv8-2/data.json","f36fc83a-a1a0-4bce-fd37-b939f9d7776f":"/resources/prac_quiz1sol/data.json","f6dbba11-eee3-8c20-d113-3fe4c7e556bc":"/resources/lec8/data.json","f79f55df-6aae-6289-ed44-a7170e19acd0":"/resources/6-046jf05/data.json","f8565001-5f40-45da-5d93-6a34c87fbccd":"/resources/lecture-3-divide-and-conquer-strassen-fibonacci-polynomial-multiplication/data.json","f87952cb-bc4d-879a-6c73-56e67b06f9a8":"/resources/lecture-4-quicksort-randomized-algorithms/data.json","fa4b2538-0965-629f-7023-d5548c2ce2e2":"/resources/-eqtvuahsfy/data.json","fc920b64-1fd5-f3fa-1fe0-5848c7a322f6":"/resources/qh5lshcbirs/data.json"}