{
  "title":"Lecture 14: Competitive Analysis: Self-organizing Lists",
  "description": "",
  "file": null,
  "learning_resource_types": ["Lecture Videos"],
  "resource_type": "Video",
  "file_type": null,
  "youtube_key":  "2RxCCEHlEys",
  "captions_file": "/courses/6-046j-introduction-to-algorithms-sma-5503-fall-2005/1f946708d32a5c498ae3140f253e88de_2RxCCEHlEys.vtt",
  "transcript_file": "/courses/6-046j-introduction-to-algorithms-sma-5503-fall-2005/45580f2002aa19c1e5ce37d2f5acf3a1_2RxCCEHlEys.pdf",
  "thumbnail_file": "https://img.youtube.com/vi/2RxCCEHlEys/default.jpg",
  "archive_url": "http://www.archive.org/download/MIT6.046JF05MPEG4/ocw-6.046-02nov2005-220k.mp4"}
